{
"Amazon":0.7511072445,
"Target":0.243160493,
"Wal-Mart":0.0940750576,
"Home Depot":0.255670278,
"1-800 Flowers":0.0002938967,
"Lowe's":0.1503447752,
"Kellogg":0.271078621,
"Pepsi Co":0.3158495894,
"Sony":0.2390533496,
"Apple":0.1849361858,
"Hershey":0.4853305771,
"Dell":0.357063668,
"Newell Brands":0.0374232863,
"SC Johnson":0.2756067503,
"ExxonMobil":0.2746844678,
"Berkshire Hathway":0.2164425035,
"UnitedHealth Group":0.1648357943,
"McKesson":0.0745351928,
"CVS Health":0.200565481,
"AT&T":0.8575057924,
"General Motors":0.3893732169,
"Ford Motors":0.1974072954,
"AmerisourceBergen":0.0959383108,
"Chevron":0.5033240106,
"Cardinal Health":0.0889764616,
"Costco":0.018664828,
"Verizon":0.6042920919,
"Kroger":0.0258635356,
"General Electric":0.4638366478,
"Walgreens Boots Alliance":0.1769146808,
"JP Morgan Chase":0.2934783221,
"Fannie Mae":0.0230501565,
"Alphabet":1.1610430703,
"Bank of America":0.3228563428,
"Express Scripts":0.2356169806,
"Wells Fargo":0.3186367702,
"Boeing":1.1346895416,
"Phillips 66":0.2018406788,
"VF Corporation":0.1690763982,
"Anthem":1.6594248898,
"Microsoft":0.5866321669,
"Valero Energy":0.258073408,
"Citigroup":0.5285677462,
"Comcast":1.3234911383,
"IBM":0.3973046811,
"Dell Technologies":0.3661335951,
"State Farm Insurance Cos.":0.4720849971,
"Johnson & Johnson":0.540782656,
"Freddie Mac":0.0488157612,
"Marathon Petroleum":0.6606462157,
"Procter & Gamble":0.3047746194,
"MetLife":0.4265248732,
"UPS":0.8440219886,
"Intel":0.4382129311,
"DowDuPont":1.4219431826,
"Archer Daniels Midland":0.1731737798,
"Aetna":0.3962994873,
"FedEx":0.9779216051,
"United Technologies":0.9525953905,
"Prudential Financial":0.8268467961,
"Albertsons Cos":0.0009293767,
"Sysco":0.0580084155,
"Disney":0.7207908972,
"Humana":0.2556296574,
"Pfizer":1.2655603098,
"HP":0.2619372544,
"Lockheed Martin":1.9100034819,
"AIG":0.1585094808,
"Centene":0.4408807081,
"Cicso Systems":0.3213347801,
"HCA Healthcare":0.1539794218,
"Energy Transfer Equity":0.3911331063,
"Caterpillar":0.4859215914,
"Nationwide":0.5509742892,
"Morgan Stanley":0.6168534761,
"Liberty Mutual Insurance Group":0.565765461,
"New York Life Insurance":1.22679332,
"Goldman Sachs Group":1.2275989925,
"American Airlines Group":0.976304214,
"Best Buy":0.3185094995,
"Cigna":0.8006857415,
"Charter Communications":1.4003418081,
"Delta Air Lines":0.6316827308,
"Facebook":1.7421717097,
"Honeywell International":1.4786847675,
"Merck":0.9983623204,
"Allstate":0.3811214229,
"Tyson Foods":0.2149612113,
"United Continental Holdings":0.6585332397,
"Oracle":1.8130082312,
"Tech Data":0.0002082823,
"TIAA":0.379719246,
"TJX":0.0015375602,
"American Express":0.3818972882,
"Coca-Cola":1.180661034,
"Publix Super Markets":0.1581784279,
"Nike":0.3439597397,
"Samsung Electronics":0.0900363249,
"World Fuel Services":0.000242007,
"Exelon":0.9513966519,
"Massachusets Mutual Life Insurance":0.9657803807,
"RiteAid":0.4139163019,
"ConocoPhillips":0.824297346,
"CHS":0.2344734773,
"3M":0.7591386964,
"General Dynamics":2.4183373007,
"USAA":1.2257305653,
"Capital One Financial":0.5241640439,
"Deere":0.396784767,
"INTL FCStone":1.18187344120736E-005,
"Northwestern Mutual":0.8471347129,
"Enterprise Products Partners":0.0785080504,
"Travelers Cos":0.6518899551,
"Hewlett Packard Enterprises":0.5461775854,
"Philip Morris International":0.4183719558,
"Twenty-First Century Fox":0.0304723669,
"AbbVie":1.2528216287,
"Abbott Laboratories":1.0077478756,
"Progressive":0.0042601807,
"Arrow Electronics":0.0008601526,
"Kraft Heinz":0.1750651702,
"Plains GP Holdings":0.115524582,
"Gilead Sciences":0.7599851957,
"Mondelez International":0.1456674021,
"Northrop Grumman":3.9731413805,
"Raytheon":1.6608803941,
"Macy's":0.0190453709,
"US Foods Holding":0.0023111754,
"U.S. Bancorp":1.0271389075,
"Dollar General":0.0018247237,
"International Paper":1.2553321306,
"Duke Energy":1.7374485207,
"Southern":3.2598451061,
"Marriott International":0.2632241908,
"Avnet":0.0050553278,
"Eli Lilly":1.9996627898,
"Amgen":2.8363739438,
"McDonald's":0.5781161762,
"Starbucks":0.2421739333,
"Qualcomm":3.1014966152,
"Dollar Tree":0.0260005639,
"PBF Energy":0.1702037976,
"Icahn Enterprises":9.34287871161421E-005,
"Aflac":1.4542520183,
"AutoNation":0.0093129329,
"Penske Automative Group":0.0992626513,
"Whirlpool":0.3721185257,
"Union Pacific":1.6195164397,
"Southwest Airlines":0.5346642271,
"Manpower Group":0.0059827235,
"Thermo Fisher Scientific":0.4671045959,
"Bristol-Myers Squibb":1.0551499672,
"Halliburton":0.0835876286,
"Tenet Healthcare":0.4587153833,
"Lear":0.0075139215,
"Cummins":0.7496728498,
"Micron Technology":0.2876770015,
"Nucor":0.6400398089,
"Molina Healthcare":0.482163978,
"Fluor":1.3873130739,
"Altria Group":2.5963132178,
"Paccar":0.116586238,
"Hartford Financial Services":0.6232278529,
"Kohl's":0.0475579243,
"Western Digital":0.094572537,
"Jabil":0.0010475532,
"Community Health Systems":0.1031840555,
"Visa":1.3025624782,
"Danaher":0.0457549126,
"Kimberly-Clark":0.1843204407,
"AECOM":0.9520414998,
"PNC Financial Services":0.4792311563,
"CenturyLink":1.0389705698,
"NextEra Energy":2.0045954332,
"PG&E Corp":1.4928146712,
"Synnex":0.0001277779,
"WellCare Health Plans":0.7030343204,
"Performance Food Group":0.0011727844,
"Sears Holdings":0.2797711734,
"Synchrony Financial":0.511377841,
"CarMax":0.0008995243,
"Bank of New York Mellon":0.7258632712,
"Freeport-McMoRan":0.0875581115,
"Genuine Parts":0.0080185828,
"Emerson Electric":0.3643215279,
"DaVita":2.6128739967,
"Gap":0.4862498328,
"General Mills":0.2723306771,
"Nordstrom":0.0150281176,
"Colgate-Palmolive":0.0652138185,
"American Electric Power":2.3746234577,
"XPO Logistics":0.0158953838,
"Goodyear Tire & Rubber":0.892736354,
"Omnicom Group":0.1193966643,
"CDW":0.006555475,
"Sherwin-Williams":0.0209152857,
"PPG Industries":0.379135421,
"Texas Instruments":0.8444808037,
"C.H. Robinson Worldwide":0.1009420021,
"WestRock":0.1994149996,
"Cognizant Technology Solutions":0.6218498189,
"National Amusements, Inc.":1.8973973286,
"Aramark":0.0920103286,
"Applied Materials":0.2995350071,
"Waste Management":0.2802988895,
"DISH Network":1.0416524208,
"Illinois Tool Works":0.1079857537,
"Lincoln National":0.7093727682,
"HollyFrontier":0.2571348224,
"CBRE Group":0.1264138834,
"Textron":1.2543042051,
"Ross Stores":0.0058618132,
"Principal Financial":0.9944200002,
"D.R. Horton":0.0062640654,
"Marsh & McLennan":0.6546644979,
"Devon Energy":0.9430724901,
"AES":0.3585766816,
"Ecolab":0.6882999121,
"Land O'Lakes":0.6176317165,
"Loews":1.1412226287,
"Kinder Morgan":0.0711969474,
"FirstEnergy":1.1988123666,
"Occidental Petroleum":3.1613517717,
"PayPal Holdings":0.4655587095,
"NGL Energy Partners":0.0087680221,
"Celgene":1.3869403274,
"Arconic":0.6298886437,
"Stanley Black & Decker":0.2703583039,
"Booking Holdings":0.0183145649,
"Lennar":0.0147581364,
"L Brands":0.3954610739,
"DTE Energy":0.5890370464,
"Dominion Energy":1.436201433,
"Reinsurance Group of America":0.3038034899,
"J.C. Penney":0.0025781922,
"Mastercard":1.5245859813,
"BlackRock":1.4820785373,
"Henry Schein":0.0263686833,
"Guardian Life Insurance":1.5882376241,
"Stryker":0.1207248319,
"Jefferies Financial Group":0.1729978375,
"ADP":0.487843265,
"Edison International":1.0116869204,
"Biogen":1.203206013,
"United States Steel":0.4232455934,
"Core-Mark Holdings":0.0002835859,
"Bed Bath & Beyond":0.0198096452,
"Oneok":0.0411670288,
"BB&T Corp":0.6245652323,
"Becton Dickinson":0.7541144059,
"Ameriprise Financial":0.8310479021,
"Zurich Financial Services":0.2694245959,
"Consolidated Edison":0.5572901223,
"Parker-Hannifin":0.1163674707,
"Anadarko Petroleum":1.2064562318,
"Estee Lauder":0.9689408053,
"State Street Corp":0.8881184841,
"Tesla":0.4029853661,
"Netflix":0.9845948427,
"Alcoa":0.8222507813,
"Discover Financial Services":1.2670721535,
"Praxair":0.236693198,
"CSX":1.8268666518,
"Xcel Energy":1.1056826823,
"Unum Group":0.5524473465,
"Universal Health Services":0.0579270056,
"NRG Energy":0.4963024604,
"EOG Resources":0.0139384837,
"Sempra Energy":1.2148919716,